Settlement Date,Spot Price ($/MWh),Scheduled Demand (MW),Scheduled Generation (MW),Semi Scheduled Generation (MW),Net Import (MW),Type
31-08-2021 05:40,42.35,7347.75,6235.17698,451.77302,-641.54,ACTUAL
31-08-2021 05:45,46.20671,7310.94,6236.00057,447.10943,-612.39,ACTUAL
31-08-2021 05:50,61,7462.29,6385.94521,444.06479,-616.45,ACTUAL
31-08-2021 05:55,64.39671,7492.96,6513.65054,444.05946,-522.74,ACTUAL
31-08-2021 06:00,66.03,7644.78,6601.04363,442.29637,-588.15,ACTUAL
31-08-2021 06:05,55.00015,7703.97,6671.92424,434.85576,-584.02,ACTUAL
31-08-2021 06:10,61,7900.66,6923.75313,434.27687,-526.37,ACTUAL
31-08-2021 06:15,61,7973.31,6993.51768,433.95232,-533.33,ACTUAL
31-08-2021 06:20,64.32411,8079.27,7139.01812,428.85188,-499.51,ACTUAL
31-08-2021 06:25,68,8032.77,7201.93272,425.17728,-394.43,ACTUAL
31-08-2021 06:30,109.51,8238.65,7512.18028,431.01972,-288.02,ACTUAL
31-08-2021 06:35,68,8254.77,7369.66268,440.95732,-436.99,ACTUAL
31-08-2021 06:40,109.51,8320.46,7518.02441,459.41559,-337.93,ACTUAL
31-08-2021 06:45,77.8299,8410.59,7425.063,482.177,-496.05,ACTUAL
31-08-2021 06:50,78.78004,8351.59,7441.53362,517.92638,-387.68,ACTUAL
31-08-2021 06:55,75,8436.01,7515.24234,546.87766,-368.58,ACTUAL
31-08-2021 07:00,61,8481.64,7507.79949,586.77051,-379.4,ACTUAL
31-08-2021 07:05,61,8513,7623.55405,625.54595,-257.36,ACTUAL
31-08-2021 07:10,61,8519.89,7466.6728,661.6072,-382.02,ACTUAL
31-08-2021 07:15,61,8519.49,7495.99928,729.09072,-290.16,ACTUAL
31-08-2021 07:20,61,8549.04,7392.72304,819.47696,-334.15,ACTUAL
31-08-2021 07:25,61,8529.77,7431.86929,908.43071,-187.64,ACTUAL
31-08-2021 07:30,58.74949,8552.64,7218.00259,988.09741,-343.15,ACTUAL
31-08-2021 07:35,61,8563.67,7462.80988,1032.42012,-64.79,ACTUAL
31-08-2021 07:40,61,8540.01,7427.1391,1099.9509,-7.17,ACTUAL
31-08-2021 07:45,61,8604.27,7423.74035,1162.02965,-17.56,ACTUAL
31-08-2021 07:50,60.2295,8554.44,7218.52091,1247.55909,-87.27,ACTUAL
31-08-2021 07:55,55,8468.07,7177.90469,1313.39531,25.1,ACTUAL
31-08-2021 08:00,32.97748,8507.7,7054.02015,1422.84985,-28.56,ACTUAL
31-08-2021 08:05,61,8439.02,7027.88085,1454.85915,48.21,ACTUAL
31-08-2021 08:10,57.21247,8336.22,6900.81612,1465.39388,31.69,ACTUAL
31-08-2021 08:15,58.26239,8314.58,6825.15598,1468.04402,-20.23,ACTUAL
31-08-2021 08:20,48.75191,8303.57,6768.55349,1440.03651,-92.28,ACTUAL
31-08-2021 08:25,49.07402,8287.36,6738.75261,1407.90739,-138.65,ACTUAL
31-08-2021 08:30,58.15643,8234.87,6759.01478,1392.35522,-81.39,ACTUAL
31-08-2021 08:35,61,8225.33,6752.78307,1408.62693,-63.44,ACTUAL
31-08-2021 08:40,61,8080.54,6545.87689,1411.11311,-123.14,ACTUAL
31-08-2021 08:45,61,8103.78,6502.76649,1399.46351,-202,ACTUAL
31-08-2021 08:50,55,8026.73,6379.99645,1367.25355,-278.78,ACTUAL
31-08-2021 08:55,43.59035,7972.6,6257.19099,1329.81901,-382.82,ACTUAL
31-08-2021 09:00,32.24201,7916.67,6113.80035,1318.22965,-478.1,ACTUAL
31-08-2021 09:05,61,7884.88,6342.18685,1302.14315,-238.55,ACTUAL
31-08-2021 09:10,79.56839,7853.79,6335.30755,1316.19245,-200.53,ACTUAL
31-08-2021 09:15,109.51,7774.01,6512.9279,1335.6621,76.34,ACTUAL
31-08-2021 09:20,109.51,7577.91,6349.77293,1387.21707,165.88,ACTUAL
31-08-2021 09:25,61,7473.9,6255.74448,1363.38552,147.54,ACTUAL
31-08-2021 09:30,61,7364.25,6119.38105,1326.89895,83.15,ACTUAL
31-08-2021 09:35,0.00005,7334.6,5894.05124,1326.82876,-99.57,ACTUAL
31-08-2021 09:40,0.01753,7031.08,5691.44428,1340.51572,15.97,ACTUAL
31-08-2021 09:45,0.00005,6831.75,5540.34387,1339.03613,61.72,ACTUAL
31-08-2021 09:50,6.50407,6822.69,5447.74551,1345.68449,-18.72,ACTUAL
31-08-2021 09:55,35.11501,7010.06,5424.33341,1342.65659,-235.08,ACTUAL
31-08-2021 10:00,42.35,7031.87,5429.69955,1358.25045,-239.52,ACTUAL
31-08-2021 10:05,39.96418,7039.01,5355.85723,1392.22277,-284.55,ACTUAL
31-08-2021 10:10,34.5049,6962.86,5217.78456,1376.02544,-361.18,ACTUAL
31-08-2021 10:15,40.55345,6966.09,5168.43752,1371.55248,-415.66,ACTUAL
31-08-2021 10:20,31.23569,6837.76,5107.6593,1396.2607,-321.85,ACTUAL
31-08-2021 10:25,42.59,6901.64,4998.30153,1362.95847,-524.99,ACTUAL
31-08-2021 10:30,34.24457,6671.12,4877.4467,1396.0433,-384.27,ACTUAL
31-08-2021 10:35,24.00804,6646.77,4745.06248,1424.92752,-460.75,ACTUAL
31-08-2021 10:40,58.3096,6687.33,4874.19388,1427.07612,-365.96,ACTUAL
31-08-2021 10:45,8.14166,6602.45,4798.47877,1464.35123,-310.38,ACTUAL
31-08-2021 10:50,43.57986,6664.55,4777.66093,1443.85907,-420.81,ACTUAL
31-08-2021 10:55,39.38092,6615.13,4660.15898,1491.28102,-440.49,ACTUAL
31-08-2021 11:00,39.63955,6500.4,4545.89556,1471.73444,-460.92,ACTUAL
31-08-2021 11:05,28.75415,6465.39,4444.93079,1521.60921,-476.62,ACTUAL
31-08-2021 11:10,49.02331,6398.8,4638.22655,1428.28345,-317.92,ACTUAL
31-08-2021 11:15,36.63911,6413.58,4520.8039,1474.2261,-391.68,ACTUAL
31-08-2021 11:20,33.31037,6280.8,4421.36836,1474.11164,-360.72,ACTUAL
31-08-2021 11:25,40.49114,6266.73,4421.01622,1522.92378,-313.62,ACTUAL
31-08-2021 11:30,40.63091,6246.92,4399.09162,1531.11838,-309.41,ACTUAL
31-08-2021 11:35,36.69015,6279.3,4409.42357,1429.22643,-429.08,ACTUAL
31-08-2021 11:40,16.02504,6231.58,4341.58978,1432.98022,-444.32,ACTUAL
31-08-2021 11:45,2.60782,6195.35,4382.09262,1549.57738,-258.96,ACTUAL
31-08-2021 11:50,0.00015,6280.9,4318.37886,1560.59114,-388.18,ACTUAL
31-08-2021 11:55,0.0001,6243.47,4288.38693,1563.05307,-381.89,ACTUAL
31-08-2021 12:00,56.96198,6244.82,4472.69428,1509.56572,-257.76,ACTUAL
31-08-2021 12:05,15.97354,6222.74,4360.87359,1499.27641,-352.31,ACTUAL
31-08-2021 12:10,0.0001,6164.78,4299.34981,1569.08019,-285.18,ACTUAL
31-08-2021 12:15,23.47207,6124.73,4308.99521,1503.18479,-302.26,ACTUAL
31-08-2021 12:20,19.1954,6206.57,4310.76836,1624.19164,-264.11,ACTUAL
31-08-2021 12:25,-10.8563,6150.83,4268.6643,1640.9357,-227.34,ACTUAL
31-08-2021 12:30,-10.86461,6143.98,4217.64621,1652.05379,-263.3,ACTUAL
31-08-2021 12:35,-17.42074,6156.6,4268.07344,1638.39656,-237.26,ACTUAL
31-08-2021 12:40,-11.41842,6228.77,4292.25223,1626.83777,-293.68,ACTUAL
31-08-2021 12:45,-1.3246,6095.35,4284.85402,1639.51598,-158.6,ACTUAL
31-08-2021 12:50,27.54999,6108.4,4360.13091,1633.38909,-111.52,ACTUAL
31-08-2021 12:55,-24.69,6026.1,4298.05929,1621.78071,-87.7,ACTUAL
31-08-2021 13:00,-30.20697,6024.46,4281.8715,1564.7385,-153.2,ACTUAL
31-08-2021 13:05,5.83912,6070.81,4372.35314,1646.91686,-44.87,ACTUAL
31-08-2021 13:10,-17.62368,6096.17,4303.64788,1655.70212,-111.34,ACTUAL
31-08-2021 13:15,-18.94999,6069.66,4285.35321,1714.03679,-48.67,ACTUAL
31-08-2021 13:20,0.00004,6136.7,4290.00471,1688.05529,-130.35,ACTUAL
31-08-2021 13:25,-4.87904,6152.88,4215.27198,1700.77802,-204.72,ACTUAL
31-08-2021 13:30,0.00012,6208.69,4241.15276,1657.80724,-289.72,ACTUAL
31-08-2021 13:35,20.56491,6221.88,4306.76522,1642.60478,-262.93,ACTUAL
31-08-2021 13:40,-8.48419,6291.58,4243.50406,1669.57594,-346.38,ACTUAL
31-08-2021 13:45,38.59836,6254.99,4385.87914,1783.79086,-81.14,ACTUAL
31-08-2021 13:50,0.00015,6340.52,4296.42949,1792.71051,-226.1,ACTUAL
31-08-2021 13:55,34.35,6281.09,4386.30301,1840.31699,-49.92,ACTUAL
31-08-2021 14:00,32.41774,6295.98,4375.99542,1905.59458,-13.36,ACTUAL
31-08-2021 14:05,-19.27864,6354.11,4333.06597,1822.22403,-176.29,ACTUAL
31-08-2021 14:10,-1.99334,6381.79,4330.53005,1865.70995,-167.29,ACTUAL
31-08-2021 14:15,38.56912,6364.93,4450.48689,1825.17311,-84.93,ACTUAL
31-08-2021 14:20,32.78627,6367.74,4462.92222,1865.22778,-37.74,ACTUAL
31-08-2021 14:25,18.6427,6313.89,4447.04974,1846.35026,-17.55,ACTUAL
31-08-2021 14:30,-5.75432,6395.98,4392.65559,1792.91441,-185.93,ACTUAL
31-08-2021 14:35,4.52709,6444.4,4480.18862,1806.33138,-139.42,ACTUAL
31-08-2021 14:40,12.17534,6491.18,4505.32918,1745.80082,-223.74,ACTUAL
31-08-2021 14:45,33.47368,6544.98,4550.27084,1770.22916,-216.56,ACTUAL
31-08-2021 14:50,0.01,6610.81,4514.20611,1794.27389,-270.02,ACTUAL
31-08-2021 14:55,28.7578,6605.86,4482.52371,1786.44629,-312.58,ACTUAL
31-08-2021 15:00,34.67411,6625.72,4492.32038,1782.30962,-328.03,ACTUAL
31-08-2021 15:05,16.27719,6632.2,4482.29638,1773.90362,-348.04,ACTUAL
31-08-2021 15:10,0.00017,6611.37,4504.49575,1791.66425,-278.98,ACTUAL
31-08-2021 15:15,36.63904,6738.57,4603.01471,1811.91529,-302.33,ACTUAL
31-08-2021 15:20,43.58,6788.28,4682.43835,1791.24165,-288.97,ACTUAL
31-08-2021 15:25,35.59999,6746.33,4643.81826,1792.57174,-283.56,ACTUAL
31-08-2021 15:30,43.58,6793.43,4726.34245,1779.34755,-264.82,ACTUAL
31-08-2021 15:35,43.58,6906.96,4862.28477,1727.62523,-291.53,ACTUAL
31-08-2021 15:40,40.9409,6922.96,4858.00454,1714.49546,-325.39,ACTUAL
31-08-2021 15:45,43.58,7002.66,4986.64499,1643.05501,-347.82,ACTUAL
31-08-2021 15:50,48.647,6930.34,5141.92435,1624.00565,-155.75,ACTUAL
31-08-2021 15:55,25.44878,7109.08,5218.77063,1545.24937,-319.41,ACTUAL
31-08-2021 16:00,34.11295,7084.04,5191.25186,1537.45814,-335.62,ACTUAL
31-08-2021 16:05,0.00009,7122,5149.43849,1526.46151,-426.59,ACTUAL
31-08-2021 16:10,11.7807,7202.61,5134.59918,1515.23082,-533.7,ACTUAL
31-08-2021 16:15,43.58009,7294.22,5278.997,1489.343,-509.37,ACTUAL
31-08-2021 16:20,42.3503,7393.54,5329.51397,1508.93603,-539.2,ACTUAL
31-08-2021 16:25,61,7511.82,5443.6334,1452.4066,-600.83,ACTUAL
31-08-2021 16:30,61,7587.42,5664.54771,1390.71229,-517.2,ACTUAL
31-08-2021 16:35,61,7627.87,5942.25505,1361.58495,-314.18,ACTUAL
31-08-2021 16:40,61,7642.94,6078.60664,1297.17336,-266.54,ACTUAL
31-08-2021 16:45,64.1128,7792.75,6540.17061,1310.20939,58.74,ACTUAL
31-08-2021 16:50,61,7843.71,6456.00883,1234.94117,-153.69,ACTUAL
31-08-2021 16:55,66.86003,7903.36,6917.13956,1197.98044,217.14,ACTUAL
31-08-2021 17:00,61,7967.63,6779.67342,1092.38658,-93.24,ACTUAL
31-08-2021 17:05,61,8016.32,6920.74171,966.95829,-129.9,ACTUAL
31-08-2021 17:10,58.2688,8186.95,6964.17284,873.82716,-340.28,ACTUAL
31-08-2021 17:15,46.83527,8299.53,6976.56584,769.76416,-538.25,ACTUAL
31-08-2021 17:20,61,8384.82,7128.75491,669.98509,-573.85,ACTUAL
31-08-2021 17:25,61,8476.29,7455.63716,617.49284,-398.48,ACTUAL
31-08-2021 17:30,68,8587.21,7824.97052,520.67948,-239.88,ACTUAL
31-08-2021 17:35,64.64522,8688.29,7441.02059,456.41941,-766.74,ACTUAL
31-08-2021 17:40,63.47372,8756.72,7657.93929,422.76071,-655.78,ACTUAL
31-08-2021 17:45,65.80139,9026.61,7809.8683,389.4417,-791.66,ACTUAL
31-08-2021 17:50,65.74843,9089.97,7869.4055,399.6045,-784.78,ACTUAL
31-08-2021 17:55,66.93378,9239.35,7923.841,405.259,-859.9,ACTUAL
31-08-2021 18:00,77.83,9429.64,8012.17053,396.67947,-960.93,ACTUAL
31-08-2021 18:05,67.74342,9432.87,8000.86429,400.71571,-975.1,ACTUAL
31-08-2021 18:10,69.0092,9566.5,8074.15962,403.78038,-1024.9,ACTUAL
31-08-2021 18:15,68,9509.63,8045.31482,414.36518,-997.19,ACTUAL
31-08-2021 18:20,86.73,9621.63,8198.59822,417.82178,-955.19,ACTUAL
31-08-2021 18:25,72.73718,9626.02,8213.76419,423.67581,-940.59,ACTUAL
31-08-2021 18:30,66.20987,9672.51,8327.59633,414.16367,-888.1,ACTUAL
31-08-2021 18:35,77.83,9719.24,8377.94974,402.73026,-896.71,ACTUAL
31-08-2021 18:40,68,9650.23,8350.20738,393.71262,-866.42,ACTUAL
31-08-2021 18:45,68,9552.71,8359.64741,393.79259,-769.6,ACTUAL
31-08-2021 18:50,64.33159,9489.3,8301.46905,405.51095,-758.33,ACTUAL
31-08-2021 18:55,66.20652,9513.99,8264.5322,413.7078,-802.42,ACTUAL
31-08-2021 19:00,64.73369,9516.76,8270.00117,424.25883,-797.05,ACTUAL
31-08-2021 19:05,68,9501.8,8243.5196,423.0604,-800.85,ACTUAL
31-08-2021 19:10,63.75057,9413.19,8218.54585,424.48415,-749.86,ACTUAL
31-08-2021 19:15,62.01044,9273.83,8205.00248,425.06752,-632.93,ACTUAL
31-08-2021 19:20,61,9168.26,8129.9709,420.0391,-611.9,ACTUAL
31-08-2021 19:25,60.08583,9137.33,8205.00206,415.21794,-514.56,ACTUAL
31-08-2021 19:30,59.97028,9151.79,8205.00374,416.56626,-528.08,ACTUAL
31-08-2021 19:35,61.03321,9151.75,8204.99902,412.03098,-527.89,ACTUAL
31-08-2021 19:40,60.99909,9092.72,8085.00419,407.81581,-593.95,ACTUAL
31-08-2021 19:45,60.48044,9050.47,8085.0028,407.6772,-553.08,ACTUAL
31-08-2021 19:50,59.96,8967.1,8046.12051,405.81949,-512.21,ACTUAL
31-08-2021 19:55,60.01774,8963.48,8085.00055,397.04945,-479.43,ACTUAL
31-08-2021 20:00,59.51613,8950.09,8039.99683,383.24317,-525.71,ACTUAL
31-08-2021 20:05,68,8873.91,8076.96243,380.21757,-416.41,ACTUAL
31-08-2021 20:10,75.06007,8947.8,8131.58051,373.37949,-442.19,ACTUAL
31-08-2021 20:15,63.31797,8870.89,8047.10303,377.88697,-444.95,ACTUAL
31-08-2021 20:20,58.10572,8789.47,7983.67368,380.07632,-426.76,ACTUAL
31-08-2021 20:25,59.59386,8739.13,7940.99689,382.94311,-415.8,ACTUAL
31-08-2021 20:30,58.1634,8668.93,7880.15413,385.68587,-404.25,ACTUAL
31-08-2021 20:35,61.92731,8760.26,7806.40147,395.52853,-554.97,ACTUAL
31-08-2021 20:40,64.90211,8712.9,7644.10157,412.41843,-650.84,ACTUAL
31-08-2021 20:45,64.47792,8667.75,7612.4502,421.6098,-628.84,ACTUAL
31-08-2021 20:50,59.80752,8593.59,7589.79946,428.39054,-572.56,ACTUAL
31-08-2021 20:55,63.24554,8629.85,7590.47756,424.78244,-610.73,ACTUAL
31-08-2021 21:00,58.7613,8494.13,7576.0519,426.4081,-490.96,ACTUAL
31-08-2021 21:05,68.96,8497.48,7618.69569,427.85431,-445.98,ACTUAL
31-08-2021 21:10,74.5438,8548.81,7665.45401,436.41599,-441.66,ACTUAL
31-08-2021 21:15,68.96,8484.91,7605.67676,433.34324,-438.76,ACTUAL
31-08-2021 21:20,65.13178,8450.11,7525.3083,434.9017,-485.35,ACTUAL
31-08-2021 21:25,63.02798,8367.64,7473.12732,437.00268,-452.81,ACTUAL
31-08-2021 21:30,58.86189,8286.01,7463.00159,442.64841,-380.12,ACTUAL
31-08-2021 21:35,82.96,8366.09,7536.71754,452.22246,-376.83,ACTUAL
31-08-2021 21:40,59.96,8298.68,7430.07754,466.72246,-400.77,ACTUAL
31-08-2021 21:45,58.45507,8274.45,7396.99558,490.33442,-387.05,ACTUAL
31-08-2021 21:50,57.89697,8203.07,7340.99868,507.15132,-355.51,ACTUAL
31-08-2021 21:55,57.98007,8191.38,7335.99814,527.46186,-328.11,ACTUAL
31-08-2021 22:00,57.019,8136.52,7345.00472,537.42528,-255,ACTUAL
31-08-2021 22:05,68,8186.14,7368.66639,545.33361,-272.05,ACTUAL
31-08-2021 22:10,84.51004,8354.19,7469.37766,556.37234,-328.73,ACTUAL
31-08-2021 22:15,60.29413,8283.77,7333.89981,566.68019,-383.11,ACTUAL
31-08-2021 22:20,59.84787,8254.42,7309.99846,580.43154,-363.91,ACTUAL
31-08-2021 22:25,60.00808,8225.77,7291.70089,589.05911,-344.92,ACTUAL
31-08-2021 22:30,58.14765,8144.31,7268.66058,602.38942,-273.7,ACTUAL
31-08-2021 22:35,66.03004,8138.42,7219.61749,608.43251,-310.53,ACTUAL
31-08-2021 22:40,64.49756,8118.29,7166.00442,619.99558,-332.27,ACTUAL
31-08-2021 22:45,56.62167,8015.2,7151.22135,630.98865,-233.22,ACTUAL
31-08-2021 22:50,56.68864,8009.99,7148.94997,640.85003,-219.96,ACTUAL
31-08-2021 22:55,55.74182,7947,7140.00236,640.54764,-164.84,ACTUAL
31-08-2021 23:00,55,7923.39,7099.70152,640.05848,-180.15,ACTUAL
31-08-2021 23:05,56.2489,7991.62,7125.37087,634.10913,-230.18,ACTUAL
31-08-2021 23:10,68.96,7999.84,7170.44445,640.13555,-187.95,ACTUAL
31-08-2021 23:15,68,7904.52,7150.34776,637.03224,-115.51,ACTUAL
31-08-2021 23:20,68,7889.61,7153.28598,640.36402,-93.29,ACTUAL
31-08-2021 23:25,68.41458,7875.26,7205.05686,631.56314,-34.86,ACTUAL
31-08-2021 23:30,68.96,7876.59,7240.83532,626.13468,-0.52,ACTUAL
31-08-2021 23:35,78.64009,7937.71,7289.20514,625.59486,-11.07,ACTUAL
31-08-2021 23:40,72.92288,7910.1,7239.07199,629.65801,-28.6,ACTUAL
31-08-2021 23:45,73.57442,7852.13,7195.99851,627.42149,-12,ACTUAL
31-08-2021 23:50,68.96,7817.06,7175.43473,626.80527,4.88,ACTUAL
31-08-2021 23:55,68,7767.77,7115.55579,626.79421,-1.82,ACTUAL
01-09-2021 00:00,68,7722.01,7057.09183,630.62817,-10.27,ACTUAL
01-09-2021 00:05,72.32902,7790.41,7148.0005,626.9495,5.89,ACTUAL
01-09-2021 00:10,71.57029,7787.82,7185.00319,623.81681,33.23,ACTUAL
01-09-2021 00:15,68.96,7737.53,7140.76483,617.62517,27.34,ACTUAL
01-09-2021 00:20,73.38077,7790.25,7194.90433,611.63567,23.87,ACTUAL
01-09-2021 00:25,70.89212,7763.39,7193.25728,597.86272,35.61,ACTUAL
01-09-2021 00:30,68.80741,7681.62,7137.99673,596.83327,61.5,ACTUAL
01-09-2021 00:35,68.96,7704.8,7215.70946,587.71054,107.91,ACTUAL
01-09-2021 00:40,68,7628.42,7159.07125,592.26875,131.37,ACTUAL
01-09-2021 00:45,68.96,7658.16,7178.82566,583.86434,112.88,ACTUAL
01-09-2021 00:50,68.96,7693.41,7224.00044,566.64956,105.33,ACTUAL
01-09-2021 00:55,68.96,7617.31,7144.5651,543.7849,79.74,ACTUAL
01-09-2021 01:00,68,7558.8,7090.04877,540.31123,81.25,ACTUAL
01-09-2021 01:05,68.32,7525.93,7123.47892,532.11108,138.11,ACTUAL
01-09-2021 01:10,68,7480.93,7083.67554,527.57446,139.08,ACTUAL
01-09-2021 01:15,68,7489.68,7055.60399,523.57601,98.61,ACTUAL
01-09-2021 01:20,66.03,7416,7019.75455,518.81545,130.58,ACTUAL
01-09-2021 01:25,66.03,7388.25,7007.41518,515.86482,143.99,ACTUAL
01-09-2021 01:30,55.53988,7315.66,6966.01969,508.77031,166.96,ACTUAL
01-09-2021 01:35,66.24179,7342.58,7006.92819,487.98181,161.09,ACTUAL
01-09-2021 01:40,66.03,7348.56,6960.20546,472.47454,96.44,ACTUAL
01-09-2021 01:45,68,7318.07,6941.57504,460.19496,96.66,ACTUAL
01-09-2021 01:50,65.8455,7276.11,6884.032,452.128,73.86,ACTUAL
01-09-2021 01:55,55,7181.2,6811.66377,451.84623,88.86,ACTUAL
01-09-2021 02:00,55,7148.8,6745.5265,449.9135,54.12,ACTUAL
01-09-2021 02:05,61.74138,7059.37,6744.73907,437.83093,132.25,ACTUAL
01-09-2021 02:10,66.49305,7070.5,6738.67645,432.75355,115.83,ACTUAL
01-09-2021 02:15,58.80752,7020.94,6708.50437,420.29563,118.49,ACTUAL
01-09-2021 02:20,55,6950.43,6606.17218,424.66782,88.48,ACTUAL
01-09-2021 02:25,55,6895.43,6565.46027,423.88973,98.48,ACTUAL
01-09-2021 02:30,55,6938.78,6533.66099,437.28901,37.5,ACTUAL
01-09-2021 02:35,55,6864.99,6469.6488,454.9512,65.06,ACTUAL
01-09-2021 02:40,59.86013,6844.47,6463.00821,462.68179,88.88,ACTUAL
01-09-2021 02:45,54.37538,6783.62,6331.64681,466.03319,18.77,ACTUAL
01-09-2021 02:50,55.12026,6769.38,6333.64067,466.04933,33.29,ACTUAL
01-09-2021 02:55,54.8704,6714.38,6219.39733,470.54267,-21.48,ACTUAL
01-09-2021 03:00,55,6732.84,6286.2194,469.3406,26.04,ACTUAL
01-09-2021 03:05,55,6686.84,6258.72904,472.85096,47.97,ACTUAL
01-09-2021 03:10,55.37122,6665.98,6265.68057,484.24943,88.96,ACTUAL
01-09-2021 03:15,53.82262,6603.28,6219.52508,502.15492,127.43,ACTUAL
01-09-2021 03:20,48.90451,6628.46,6167.48148,508.70852,54.32,ACTUAL
01-09-2021 03:25,54.99985,6611.49,6145.47863,503.22137,46.25,ACTUAL
01-09-2021 03:30,55,6582.45,6176.72787,492.04213,91.42,ACTUAL
01-09-2021 03:35,55,6562.14,6098.93861,485.43139,31.04,ACTUAL
01-09-2021 03:40,55,6541.47,6150.53855,465.13145,79.09,ACTUAL
01-09-2021 03:45,55,6556.5,6145.42768,453.86232,45.46,ACTUAL
01-09-2021 03:50,55,6562.99,6157.08162,453.67838,51.79,ACTUAL
01-09-2021 03:55,55,6587.34,6139.82019,454.57981,10.21,ACTUAL
01-09-2021 04:00,55,6555.22,6085.3341,458.3159,-10.07,ACTUAL
01-09-2021 04:05,55.00015,6533.44,6099.25043,454.90957,22.1,ACTUAL
01-09-2021 04:10,54.9999,6614.11,6037.63569,456.37431,-119.77,ACTUAL
01-09-2021 04:15,55,6605.29,6032.97861,452.60139,-119.4,ACTUAL
01-09-2021 04:20,54.99005,6554.39,5963.57811,455.68189,-134.89,ACTUAL
01-09-2021 04:25,55,6524.91,5933.38159,449.79841,-141.46,ACTUAL
01-09-2021 04:30,55,6573.7,5979.8203,441.8397,-151.75,ACTUAL
01-09-2021 04:35,55,6590.55,6008.14437,430.78563,-151.73,ACTUAL
01-09-2021 04:40,43.57986,6618.86,5951.86973,424.70027,-241.05,ACTUAL
01-09-2021 04:45,43.5901,6623.38,5958.1797,435.9903,-226.39,ACTUAL
01-09-2021 04:50,43.5901,6645.08,5969.2015,437.5385,-235.74,ACTUAL
01-09-2021 04:55,50.40292,6684.55,6026.74212,428.46788,-225.77,ACTUAL
01-09-2021 05:00,43.5901,6629.73,6029.55979,416.33021,-180.02,ACTUAL
01-09-2021 05:05,55,6760.09,6212.23017,408.53983,-136.16,ACTUAL
01-09-2021 05:10,44.25993,6764.26,6211.53337,402.50663,-146.27,ACTUAL
01-09-2021 05:15,45.2328,6841.18,6290.59804,396.42196,-149.47,ACTUAL
01-09-2021 05:20,43.5901,6898.31,6310.87738,391.74262,-190.91,ACTUAL
01-09-2021 05:25,45.28684,6971.42,6389.37833,384.58167,-192.85,ACTUAL
01-09-2021 05:30,43.5901,7001.7,6342.87879,379.41121,-270.54,ACTUAL
01-09-2021 05:35,38.94115,7014.59,6409.93845,363.89155,-237.31,ACTUAL
01-09-2021 05:40,42.35,7119.94,6471.77859,349.68141,-296.55,ACTUAL
01-09-2021 05:45,42.35,7169.53,6556.08845,339.35155,-272.77,ACTUAL
01-09-2021 05:50,42.35,7255.37,6678.11912,331.29088,-245.13,ACTUAL
01-09-2021 05:55,42.35,7272.22,6760.28669,323.05331,-188.99,ACTUAL
01-09-2021 06:00,57.65393,7389.97,6906.83413,328.77587,-154.69,ACTUAL
01-09-2021 06:05,58.09712,7509.46,6963.4874,328.7626,-217.32,ACTUAL
01-09-2021 06:10,58.52731,7593.19,7042.0468,339.8432,-210.75,ACTUAL
01-09-2021 06:15,59.12925,7678.32,7108.4166,349.2034,-218,ACTUAL
01-09-2021 06:20,58.47539,7792.61,7134.03026,353.44974,-304.43,ACTUAL
01-09-2021 06:25,61.03514,7797.76,7152.20573,362.98427,-281.9,ACTUAL
01-09-2021 06:30,73.77348,7918.97,7219.44688,359.49312,-338.59,ACTUAL
01-09-2021 06:35,75.89808,7938.1,7248.56807,353.37193,-334.3,ACTUAL
01-09-2021 06:40,91.14691,8042.25,7300.14991,345.31009,-393.77,ACTUAL
01-09-2021 06:45,89.4541,8023.44,7315.21945,340.40055,-367.23,ACTUAL
01-09-2021 06:50,89.37075,8015.01,7368.83935,345.00065,-301.09,ACTUAL
01-09-2021 06:55,89.21799,8054.92,7370.82155,358.68845,-325.43,ACTUAL
01-09-2021 07:00,88.37434,8069.22,7389.21406,375.29594,-305.85,ACTUAL
01-09-2021 07:05,66.72406,8103.2,7336.25412,413.43588,-354.37,ACTUAL
01-09-2021 07:10,66.9347,8115.21,7292.0769,460.0231,-364,ACTUAL
01-09-2021 07:15,59.87233,8120.48,7251.13302,532.14698,-338.35,ACTUAL
01-09-2021 07:20,56.81624,8154.57,7229.02883,603.18117,-322.22,ACTUAL
01-09-2021 07:25,55,8111.43,7193.63507,708.29493,-201.69,ACTUAL
01-09-2021 07:30,54.95775,8146.1,7145.65283,809.58717,-182.72,ACTUAL
01-09-2021 07:35,44.26234,8085.85,7043.02402,907.47598,-136.05,ACTUAL
01-09-2021 07:40,42.00332,8096.56,6972.24499,989.33501,-136.24,ACTUAL
01-09-2021 07:45,36.74052,8048.19,6890.18847,1081.92153,-76.92,ACTUAL
01-09-2021 07:50,29.63321,8024.84,6767.5358,1189.5142,-68,ACTUAL
01-09-2021 07:55,16.65596,7961.14,6643.05646,1287.44354,-30.75,ACTUAL
01-09-2021 08:00,13.12432,7962.54,6535.57975,1383.89025,-42.73,ACTUAL
01-09-2021 08:05,29.37983,8005.34,6299.83914,1439.23086,-266.44,ACTUAL
01-09-2021 08:10,41.6455,7971.34,6303.12925,1430.67075,-238.45,ACTUAL
01-09-2021 08:15,35.58986,7879.6,6179.72001,1455.11999,-245.34,ACTUAL
01-09-2021 08:20,54.70464,7812.06,6169.02145,1464.18855,-170.31,ACTUAL
01-09-2021 08:25,51.94764,7816.57,6230.07786,1492.30214,-78.97,ACTUAL
01-09-2021 08:30,50.78962,7741.41,6232.81694,1485.78306,-5.65,ACTUAL
01-09-2021 08:35,-0.00004,7740.07,6081.7547,1484.6653,-163.66,ACTUAL
01-09-2021 08:40,8.90761,7671.09,5978.29515,1465.34485,-218.44,ACTUAL
01-09-2021 08:45,28.09299,7618.32,5826.46895,1459.17105,-330.74,ACTUAL
01-09-2021 08:50,26.78037,7459.07,5659.88256,1439.90744,-357.48,ACTUAL
01-09-2021 08:55,27.92202,7492.55,5587.12831,1440.48169,-459.98,ACTUAL
01-09-2021 09:00,15.54137,7371.01,5420.27012,1435.99988,-505.56,ACTUAL
01-09-2021 09:05,17.33572,7327.36,5288.21851,1429.88149,-594.02,ACTUAL
01-09-2021 09:10,15.78884,7240,5210.03963,1409.31037,-604.44,ACTUAL
01-09-2021 09:15,23.36938,7171.96,5107.97242,1430.18758,-614.93,ACTUAL
01-09-2021 09:20,32.36996,7047.86,5005.98462,1445.51538,-582.14,ACTUAL
01-09-2021 09:25,32.36996,7006.2,4911.57811,1457.69189,-616.74,ACTUAL
01-09-2021 09:30,28,6915.05,4831.42431,1450.51569,-612.37,ACTUAL
01-09-2021 09:35,34.78736,6815.46,4731.31315,1452.47685,-611.35,ACTUAL
01-09-2021 09:40,18.73263,6691.5,4618.11343,1448.37657,-607.77,ACTUAL
01-09-2021 09:45,33.77012,6625.23,4567.83039,1449.38961,-589.89,ACTUAL
01-09-2021 09:50,22.47699,6647.63,4548.47729,1444.08271,-633.22,ACTUAL
01-09-2021 09:55,0.36786,6564.56,4493.785,1444.475,-604.05,ACTUAL
01-09-2021 10:00,22.00956,6472.24,4485.97848,1444.74152,-526.95,ACTUAL
01-09-2021 10:05,9.77648,6520.36,4463.01328,1439.02672,-596.2,ACTUAL
01-09-2021 10:10,0.34793,6435.36,4390.94425,1449.24575,-574.99,ACTUAL
01-09-2021 10:15,0.45993,6391.15,4325.9059,1436.1941,-604.54,ACTUAL
01-09-2021 10:20,16.89947,6355.07,4302.36035,1429.52965,-600.58,ACTUAL
01-09-2021 10:25,18.49028,6392.08,4349.80009,1418.64991,-598.65,ACTUAL
01-09-2021 10:30,-1.99415,6257.76,4241.40121,1405.52879,-584.94,ACTUAL
01-09-2021 10:35,0.00011,6215.27,4225.37765,1409.49235,-558.55,ACTUAL
01-09-2021 10:40,0.01,6253.58,4332.5968,1417.9932,-484.64,ACTUAL
01-09-2021 10:45,0.00013,6188.83,4269.87147,1419.30853,-482.06,ACTUAL
01-09-2021 10:50,0.02157,6221.76,4303.05018,1420.00982,-480.41,ACTUAL
01-09-2021 10:55,0.00013,6119.42,4218.71734,1410.39266,-471.83,ACTUAL
01-09-2021 11:00,0.00001,6103.38,4181.69017,1418.40983,-484.37,ACTUAL
01-09-2021 11:05,0.00006,6107.83,4083.01022,1410.24978,-590.57,ACTUAL
01-09-2021 11:10,0.0224,6074.6,4050.77156,1410.72844,-590.56,ACTUAL
01-09-2021 11:15,-28.96318,5997.57,4011.18731,1393.10269,-564.97,ACTUAL
01-09-2021 11:20,0.00013,6003.71,4001.3867,1403.3733,-576.4,ACTUAL
01-09-2021 11:25,-20.20938,5979.55,3954.13743,1396.49257,-598.83,ACTUAL
01-09-2021 11:30,-8.84604,5969,3932.00447,1364.41553,-640.78,ACTUAL
01-09-2021 11:35,0.00005,5973.96,3913.35461,1367.38539,-664.35,ACTUAL
01-09-2021 11:40,-17.13979,5898.43,3926.40799,1374.41201,-570.46,ACTUAL
01-09-2021 11:45,-1.99832,5904.43,3973.8506,1349.7794,-551.9,ACTUAL
01-09-2021 11:50,-7.1003,5925.03,3925.55271,1340.43729,-624.97,ACTUAL
01-09-2021 11:55,-1.98578,5958.03,3989.48268,1337.08732,-598.24,ACTUAL
01-09-2021 12:00,-24.91492,5927.5,3925.62698,1304.45302,-663.27,ACTUAL
01-09-2021 12:05,-10.86989,5924.64,3956.93836,1320.48164,-613.15,ACTUAL
01-09-2021 12:10,9.45153,5899.99,3954.761,1380.809,-536.3,ACTUAL
01-09-2021 12:15,-10.52626,5892.59,3890.86187,1351.74813,-616.48,ACTUAL
01-09-2021 12:20,-31.40232,5830.98,3872.9979,1329.1121,-594.07,ACTUAL
01-09-2021 12:25,-9.84477,5860.31,3868.79652,1309.44348,-645.32,ACTUAL
01-09-2021 12:30,-7.43932,5834.86,3903.22894,1343.84106,-558.44,ACTUAL
01-09-2021 12:35,-9.03275,5853.01,3839.272,1368.928,-612.74,ACTUAL
01-09-2021 12:40,-2.02322,5897.06,3759.22147,1389.83853,-711.23,ACTUAL
01-09-2021 12:45,0.00008,5874.81,3769.0096,1370.0804,-699.39,ACTUAL
01-09-2021 12:50,-8.88473,5875.13,3820.34937,1380.53063,-644.64,ACTUAL
01-09-2021 12:55,-20.18669,5856.5,3801.42911,1350.97089,-673.08,ACTUAL
01-09-2021 13:00,-26.58424,5859.11,3789.86,1341.1,-695.82,ACTUAL
01-09-2021 13:05,-24.69,5853.79,3835.72772,1365.57228,-618.93,ACTUAL
01-09-2021 13:10,-7.61555,5872.08,3858.00299,1348.64701,-628.99,ACTUAL
01-09-2021 13:15,-7.34847,5842.6,3838.00415,1360.39585,-608.19,ACTUAL
01-09-2021 13:20,-1.03925,5923.5,3871.00843,1380.78157,-634.02,ACTUAL
01-09-2021 13:25,-7.63397,5901.47,3914.00394,1398.89606,-550.69,ACTUAL
01-09-2021 13:30,-2.59992,5902.02,3974.81968,1402.67032,-491.75,ACTUAL
01-09-2021 13:35,-1.96286,5945.77,3911.58773,1416.24227,-582.57,ACTUAL
01-09-2021 13:40,-1.03014,5939.8,3942.2965,1420.1735,-543.74,ACTUAL
01-09-2021 13:45,0.00013,5991.96,3958.02907,1421.86093,-586.32,ACTUAL
01-09-2021 13:50,11.60006,6022.55,3996.70242,1448.34758,-548.79,ACTUAL
01-09-2021 13:55,0.42003,5957.62,3987.27732,1436.74268,-507.5,ACTUAL
01-09-2021 14:00,6.97785,6055.95,4021.22209,1448.15791,-558.84,ACTUAL
01-09-2021 14:05,15.64222,6008.04,4063.64902,1429.03098,-487.66,ACTUAL
01-09-2021 14:10,32.0201,6038.52,4000.85876,1418.94124,-590.85,ACTUAL
01-09-2021 14:15,25.70308,6057.14,4002.52241,1424.02759,-603.76,ACTUAL
01-09-2021 14:20,32.3701,6038.31,4009.9361,1421.4139,-581.78,ACTUAL
01-09-2021 14:25,0.69214,6028.24,3997.58498,1419.52502,-585.96,ACTUAL
01-09-2021 14:30,28.23747,6133.57,4031.00071,1421.52929,-656.14,ACTUAL
01-09-2021 14:35,26.46732,6119.53,4031.00283,1429.72717,-634.24,ACTUAL
01-09-2021 14:40,11.75881,6074.98,4053.99648,1429.24352,-568.8,ACTUAL
01-09-2021 14:45,13.57256,6197.73,4064.25292,1418.43708,-691.1,ACTUAL
01-09-2021 14:50,32.83887,6169.22,4173.76072,1415.98928,-556.51,ACTUAL
01-09-2021 14:55,43.5902,6259.71,4248.69621,1398.84379,-590.62,ACTUAL
01-09-2021 15:00,43.5902,6313.72,4306.2232,1404.5068,-581.26,ACTUAL
01-09-2021 15:05,40.44267,6272.91,4353.16387,1391.33613,-506.69,ACTUAL
01-09-2021 15:10,40.65251,6342.87,4385.058,1387.622,-549.2,ACTUAL
01-09-2021 15:15,40.93655,6397.96,4413.53579,1409.67421,-555.77,ACTUAL
01-09-2021 15:20,50.21685,6463.96,4585.57966,1397.66034,-462,ACTUAL
01-09-2021 15:25,55,6511.26,4729.09863,1372.35137,-391.06,ACTUAL
01-09-2021 15:30,54.43001,6536.74,4798.0334,1381.5266,-337.35,ACTUAL
01-09-2021 15:35,0.00023,6517.87,4646.17688,1366.03312,-492.2,ACTUAL
01-09-2021 15:40,35.59001,6631.78,4673.57553,1350.51447,-591.48,ACTUAL
01-09-2021 15:45,50.36569,6670.68,4825.19325,1328.80675,-501.24,ACTUAL
01-09-2021 15:50,43.5903,6743.37,4863.53971,1337.58029,-527.34,ACTUAL
01-09-2021 15:55,55,6795.41,5026.53751,1310.63249,-444.44,ACTUAL
01-09-2021 16:00,55,6874.81,5179.18505,1306.31495,-374.67,ACTUAL
01-09-2021 16:05,43.5903,6938.18,5231.00709,1263.16291,-430.59,ACTUAL
01-09-2021 16:10,50.2789,7083.98,5330.03694,1231.61306,-509.26,ACTUAL
01-09-2021 16:15,43.5903,7056.76,5363.85591,1235.84409,-445.04,ACTUAL
01-09-2021 16:20,54.99985,7077.76,5478.8812,1199.8088,-386.71,ACTUAL
01-09-2021 16:25,55,7173.35,5567.0889,1161.1711,-432.72,ACTUAL
01-09-2021 16:30,88.5,7330.02,5857.19141,1117.36859,-341.58,ACTUAL
01-09-2021 16:35,53.91021,7377.14,5867.99975,1092.99025,-402.52,ACTUAL
01-09-2021 16:40,55,7403.59,5992.848,1024.602,-370.2,ACTUAL
01-09-2021 16:45,55,7458.14,6108.08779,1018.27221,-316.38,ACTUAL
01-09-2021 16:50,61,7632.55,6353.10065,953.77935,-313.52,ACTUAL
01-09-2021 16:55,61,7657.55,6671.09695,941.81305,-45.63,ACTUAL
01-09-2021 17:00,61,7765.93,6791.47203,876.58797,-98.31,ACTUAL
01-09-2021 17:05,31.0761,7814.08,6843.14601,797.84399,-170.9,ACTUAL
01-09-2021 17:10,55,7849.04,6904.12135,689.22865,-251.67,ACTUAL
01-09-2021 17:15,32.45371,7991.64,6932.26865,597.67135,-443.67,ACTUAL
01-09-2021 17:20,55,8088.08,7022.46926,532.87074,-512.74,ACTUAL
01-09-2021 17:25,96.58355,8215.89,7184.17259,460.26741,-550.63,ACTUAL
01-09-2021 17:30,95.60283,8227.65,7315.28335,416.18665,-480.09,ACTUAL
01-09-2021 17:35,55,8325.99,7278.38872,374.07128,-651.38,ACTUAL
01-09-2021 17:40,55.38073,8426.16,7397.5346,348.4454,-654.09,ACTUAL
01-09-2021 17:45,55,8550.54,7511.32367,344.46633,-668.32,ACTUAL
01-09-2021 17:50,76.89,8655.25,7599.28595,333.72405,-698.01,ACTUAL
01-09-2021 17:55,99.77284,8780.7,7683.53355,322.66645,-737.81,ACTUAL
01-09-2021 18:00,98.86135,8888.84,7761.73738,322.35262,-778.7,ACTUAL
01-09-2021 18:05,68,8922.26,7751.16801,326.78199,-803.53,ACTUAL
01-09-2021 18:10,71.7301,9000.33,7823.17836,329.78164,-807.33,ACTUAL
01-09-2021 18:15,100.55137,9094.16,7887.06029,341.62971,-828.24,ACTUAL
01-09-2021 18:20,98.65701,9074.59,7919.54675,350.48325,-778.04,ACTUAL
01-09-2021 18:25,95.66678,9099.27,7950.86479,339.33521,-790.29,ACTUAL
01-09-2021 18:30,97.53833,9104.78,7990.01689,334.49311,-758.56,ACTUAL
01-09-2021 18:35,76.89,9018.92,7981.32506,342.01494,-675.25,ACTUAL
01-09-2021 18:40,75.00005,9056.73,7984.16643,356.54357,-691.64,ACTUAL
01-09-2021 18:45,65.81243,9068.71,7895.9061,374.6139,-769.66,ACTUAL
01-09-2021 18:50,47.79685,9003.31,7774.85436,386.34564,-805.01,ACTUAL
01-09-2021 18:55,10.62854,8880.6,7677.7483,386.5417,-776.66,ACTUAL
01-09-2021 19:00,15.51153,8876.78,7556.43743,408.53257,-861.6,ACTUAL
01-09-2021 19:05,35.59,8787.11,7485.86237,432.75763,-823.17,ACTUAL
01-09-2021 19:10,45.08989,8770.89,7372.4412,456.4388,-890.73,ACTUAL
01-09-2021 19:15,50.54918,8657.8,7351.87456,476.70544,-801.39,ACTUAL
01-09-2021 19:20,61,8671.03,7521.37329,513.15671,-623.91,ACTUAL
01-09-2021 19:25,54.9998,8674.24,7516.67914,581.15086,-567.51,ACTUAL
01-09-2021 19:30,46.6894,8610.94,7434.5694,637.6306,-529.75,ACTUAL
01-09-2021 19:35,61,8594.54,7543.13819,635.22181,-404.73,ACTUAL
01-09-2021 19:40,61,8595.73,7515.92472,634.49528,-434.56,ACTUAL
01-09-2021 19:45,59.37622,8593.84,7389.32728,664.30272,-530.3,ACTUAL
01-09-2021 19:50,55,8486.33,7358.74045,684.31955,-432.11,ACTUAL
01-09-2021 19:55,55,8546.38,7341.86936,687.06064,-508.29,ACTUAL
01-09-2021 20:00,48.56775,8398.54,7291.72806,692.54194,-402.51,ACTUAL
01-09-2021 20:05,56.78,8351.97,7208.36913,705.58087,-425.8,ACTUAL
01-09-2021 20:10,61,8359.47,7282.66946,721.42054,-346.12,ACTUAL
01-09-2021 20:15,27.9998,8127.25,7036.01777,733.35223,-347.83,ACTUAL
01-09-2021 20:20,39.44261,8093.25,6905.43405,732.63595,-442.4,ACTUAL
01-09-2021 20:25,55,7995.62,6891.87115,745.07885,-342.69,ACTUAL
01-09-2021 20:30,44.20574,7924.43,6796.5228,750.3572,-361.71,ACTUAL
01-09-2021 20:35,57.91274,8034.96,6805.51241,772.22759,-442.79,ACTUAL
01-09-2021 20:40,55,7922.15,6693.22932,776.04068,-442.76,ACTUAL
01-09-2021 20:45,59.96,7888.63,6727.21304,785.73696,-364.55,ACTUAL
01-09-2021 20:50,55,7929.04,6676.91687,795.83313,-445.28,ACTUAL
01-09-2021 20:55,50.94,7875.13,6576.39316,805.57684,-482.02,ACTUAL
01-09-2021 21:00,56.25681,7962.56,6683.59773,807.21227,-460.11,ACTUAL
01-09-2021 21:05,43.59015,7997.28,6631.08577,823.77423,-529.49,ACTUAL
01-09-2021 21:10,55,8023.69,6691.3428,835.3372,-486.58,ACTUAL
01-09-2021 21:15,52.15819,8012.89,6636.9414,845.7086,-519.7,ACTUAL
01-09-2021 21:20,53.84412,8011.21,6582.17927,842.19073,-575.63,ACTUAL
01-09-2021 21:25,50.94869,7999.1,6516.35779,862.58221,-608.63,ACTUAL
01-09-2021 21:30,41.96,7949.97,6456.9001,877.2299,-604.47,ACTUAL
01-09-2021 21:35,59.96,7944.96,6374.18693,894.77307,-664.71,ACTUAL
01-09-2021 21:40,55,7940.42,6335.87731,896.25269,-695.79,ACTUAL
01-09-2021 21:45,55,7917.52,6302.74933,912.65067,-689.37,ACTUAL
01-09-2021 21:50,51.35695,7849.43,6244.50291,903.37709,-687.32,ACTUAL
01-09-2021 21:55,39.65159,7764.56,6159.88469,900.52531,-689.11,ACTUAL
01-09-2021 22:00,40.69951,7713.22,6113.99094,915.10906,-668.14,ACTUAL
01-09-2021 22:05,56.81,7843.47,6187.12618,920.88382,-719.64,ACTUAL
01-09-2021 22:10,55,7843.86,6253.66037,911.37963,-664.42,ACTUAL
01-09-2021 22:15,55,7884.35,6187.39729,920.80271,-759.9,ACTUAL
01-09-2021 22:20,55,7889.21,6207.88309,914.07691,-751.42,ACTUAL
01-09-2021 22:25,55,7853.74,6179.06332,910.81668,-749.48,ACTUAL
01-09-2021 22:30,52.2499,7797.81,6116.11469,901.27531,-765.25,ACTUAL
01-09-2021 22:35,61.61783,7740.26,6137.17353,902.02647,-687.17,ACTUAL
01-09-2021 22:40,60.03028,7746.74,6142.24434,905.82566,-683.87,ACTUAL
01-09-2021 22:45,61.26226,7705.59,6156.06841,896.36159,-638.96,ACTUAL
01-09-2021 22:50,55,7704.52,6113.74257,894.65743,-681.76,ACTUAL
01-09-2021 22:55,55,7678.03,6067.90158,892.86842,-702.26,ACTUAL
01-09-2021 23:00,55,7607.7,6029.37565,888.26435,-675,ACTUAL
01-09-2021 23:05,62.70997,7758.67,6106.03485,900.15515,-737.52,ACTUAL
01-09-2021 23:10,55,7664.04,6078.0988,909.4212,-663.56,ACTUAL
01-09-2021 23:15,61.46082,7611.48,6143.63549,900.76451,-558.16,ACTUAL
01-09-2021 23:20,55,7583.05,6140.33487,909.54513,-523.75,ACTUAL
01-09-2021 23:25,55,7651.08,6113.77169,924.35831,-603.09,ACTUAL
01-09-2021 23:30,52.60202,7594.67,6046.47045,934.05955,-604.86,ACTUAL
01-09-2021 23:35,60.67985,7641.78,6103.13648,931.27352,-599.09,ACTUAL
01-09-2021 23:40,55,7614.84,6111.36802,933.48198,-562.81,ACTUAL
01-09-2021 23:45,52.6907,7618.17,6063.32882,942.06118,-604.44,ACTUAL
01-09-2021 23:50,55,7599.25,6028.97793,942.17207,-619.08,ACTUAL
01-09-2021 23:55,55,7529.89,5986.99313,949.17687,-584.71,ACTUAL
02-09-2021 00:00,52.77377,7556.56,5936.02372,948.10628,-661.46,ACTUAL
02-09-2021 00:05,66.03,7573.77,6038.67392,949.19608,-576.83,ACTUAL
02-09-2021 00:10,66.03,7553.66,6006.27009,939.49991,-596.65,ACTUAL
02-09-2021 00:15,55,7596.13,6117.25847,937.59153,-530.43,ACTUAL
02-09-2021 00:20,55,7557.72,6189.50998,929.29002,-428.33,ACTUAL
02-09-2021 00:25,43.59035,7467.73,6033.56452,937.80548,-484.26,ACTUAL
02-09-2021 00:30,44.86103,7411.69,6044.849,949.601,-405.2,ACTUAL
02-09-2021 00:35,54.99985,7518.49,6047.22496,959.39504,-499.43,ACTUAL
02-09-2021 00:40,50.20636,7399.27,6008.40002,960.43998,-417.36,ACTUAL
02-09-2021 00:45,43.59035,7386.73,5951.88331,969.15669,-452.47,ACTUAL
02-09-2021 00:50,43.59035,7358.32,5915.00704,963.05296,-466.77,ACTUAL
02-09-2021 00:55,50.96002,7405.97,5932.74683,962.47317,-497.85,ACTUAL
02-09-2021 01:00,51.27616,7396.63,5912.34857,981.35143,-490.69,ACTUAL
02-09-2021 01:05,51.30481,7353.72,5818.89787,972.51213,-548.15,ACTUAL
02-09-2021 01:10,55,7296.24,5766.70618,962.72382,-552.47,ACTUAL
02-09-2021 01:15,61.33593,7306.66,5750.347,953.793,-587.04,ACTUAL
02-09-2021 01:20,55,7208.81,5652.74339,952.72661,-587.95,ACTUAL
02-09-2021 01:25,60.03,7209.85,5620.22298,943.95702,-629.95,ACTUAL
02-09-2021 01:30,62.22566,7226.04,5588.46174,952.43826,-668.39,ACTUAL
02-09-2021 01:35,55.00015,7153.6,5546.76137,951.69863,-638.36,ACTUAL
02-09-2021 01:40,54.99985,7186.06,5560.70327,953.67673,-653.93,ACTUAL
02-09-2021 01:45,52.77579,7098.27,5434.12969,959.88031,-686.23,ACTUAL
02-09-2021 01:50,52.80862,7041.4,5347.51786,965.35214,-709.97,ACTUAL
02-09-2021 01:55,52.42026,6893.89,5247.82344,967.64656,-659.97,ACTUAL
02-09-2021 02:00,43.59014,6832.19,5234.57182,951.29818,-627.81,ACTUAL
02-09-2021 02:05,54.99005,6872.38,5226.45278,952.61722,-674.59,ACTUAL
02-09-2021 02:10,54.99,6797.65,5139.51138,947.88862,-691.06,ACTUAL
02-09-2021 02:15,52.79388,6746.86,5055.69851,957.83149,-713.31,ACTUAL
02-09-2021 02:20,54.99,6688.38,5021.73142,953.80858,-693.04,ACTUAL
02-09-2021 02:25,54.99,6715.98,4988.59252,955.59748,-750.56,ACTUAL
02-09-2021 02:30,54.99017,6676.05,5041.58204,951.42796,-663.58,ACTUAL
02-09-2021 02:35,53.04908,6661,4976.54577,932.68423,-731.21,ACTUAL
02-09-2021 02:40,43.59014,6629.03,4958.95607,936.30393,-712.83,ACTUAL
02-09-2021 02:45,43.58,6574.25,4908.88575,955.46425,-690.05,ACTUAL
02-09-2021 02:50,43.59014,6537.32,4881.93382,953.61618,-682.73,ACTUAL
02-09-2021 02:55,30.70969,6345.89,4701.13718,949.04282,-676.72,ACTUAL
02-09-2021 03:00,41.85467,6263.33,4673.72999,944.51001,-627.55,ACTUAL
02-09-2021 03:05,42.18087,6261.42,4605.23227,948.45773,-688.88,ACTUAL
02-09-2021 03:10,43.57993,6166.11,4586.07961,932.48039,-629.11,ACTUAL
02-09-2021 03:15,41.01014,6130.72,4559.50376,931.81624,-621.98,ACTUAL
02-09-2021 03:20,41.01014,6135.17,4556.69259,926.85741,-633.45,ACTUAL
02-09-2021 03:25,43.58,6120.69,4567.57342,922.34658,-612.86,ACTUAL
02-09-2021 03:30,41.87582,6130.94,4561.99567,918.73433,-632.07,ACTUAL
02-09-2021 03:35,43.58013,6207.46,4633.39636,919.68364,-636.92,ACTUAL
02-09-2021 03:40,43.58,6229.79,4636.24419,909.87581,-665.18,ACTUAL
02-09-2021 03:45,43.58,6249.92,4588.16055,937.17945,-704.9,ACTUAL
02-09-2021 03:50,43.59014,6319.99,4662.1582,946.2218,-691.93,ACTUAL
02-09-2021 03:55,43.58013,6319.63,4664.06195,945.65805,-690.19,ACTUAL
02-09-2021 04:00,43.58006,6319.79,4683.12154,965.31846,-652.86,ACTUAL
02-09-2021 04:05,43.57993,6355.74,4740.65283,971.48717,-625.5,ACTUAL
02-09-2021 04:10,43.57993,6380.49,4756.17857,970.10143,-635.14,ACTUAL
02-09-2021 04:15,43.58,6405.99,4843.6945,969.2655,-574.08,ACTUAL
02-09-2021 04:20,42.35,6347.47,4790.96098,970.98902,-566.83,ACTUAL
02-09-2021 04:25,43.58,6357.56,4859.59825,951.40175,-526.98,ACTUAL
02-09-2021 04:30,43.57986,6345.53,4856.67098,956.38902,-513.19,ACTUAL
02-09-2021 04:35,43.58,6356.01,4860.65953,941.25047,-535.63,ACTUAL
02-09-2021 04:40,43.58006,6413.59,4951.77676,941.75324,-500.76,ACTUAL
02-09-2021 04:45,43.59,6403.07,5029.36333,941.09667,-413.7,ACTUAL
02-09-2021 04:50,43.5802,6424.76,5042.30819,933.99181,-428.91,ACTUAL
02-09-2021 04:55,43.59,6481.7,5157.83301,926.99699,-375.83,ACTUAL
02-09-2021 05:00,43.59,6554.96,5207.15566,899.33434,-428.71,ACTUAL
02-09-2021 05:05,49.20671,6511.19,5260.45754,895.93246,-334.68,ACTUAL
02-09-2021 05:10,51.98875,6593.8,5325.2305,901.0095,-347.6,ACTUAL
02-09-2021 05:15,48.54411,6571,5372.86224,892.67776,-283.93,ACTUAL
02-09-2021 05:20,48.86205,6631.28,5427.96597,887.91403,-294.78,ACTUAL
02-09-2021 05:25,54.99,6718.2,5493.99407,888.15593,-317.3,ACTUAL
02-09-2021 05:30,57.17894,6701.78,5573.06122,894.11878,-213.45,ACTUAL
02-09-2021 05:35,31.83418,6754.95,5526.83913,893.07087,-317.28,ACTUAL
